Player,SR
SR Tendulkar (INDIA),86.23
KC Sangakkara (Asia/ICC/SL),78.86
RT Ponting (AUS/ICC),80.39
ST Jayasuriya (Asia/SL),91.2
DPMD Jayawardene (Asia/SL),78.96
Inzamam-ul-Haq (Asia/PAK),74.24
V Kohli (INDIA),93.28
JH Kallis (Afr/ICC/SA),72.89
SC Ganguly (Asia/INDIA),73.7
R Dravid (Asia/ICC/INDIA),71.24
MS Dhoni (Asia/INDIA),87.56
CH Gayle (ICC/WI),87.19
BC Lara (ICC/WI),79.51
TM Dilshan (SL),86.23
Mohammad Yousuf (Asia/PAK),75.1
AC Gilchrist (AUS/ICC),96.94
AB de Villiers (Afr/SA),101.09
M Azharuddin (INDIA),74.02
PA de Silva (SL),81.13
RG Sharma (INDIA),88.88
Saeed Anwar (PAK),80.67
S Chanderpaul (WI),70.74
Yuvraj Singh (Asia/INDIA),87.67
DL Haynes (WI),63.09
MS Atapattu (SL),67.72
ME Waugh (AUS),76.9
LRPL Taylor (NZ),83.0
V Sehwag (Asia/ICC/INDIA),104.33
HM Amla (SA),88.39
HH Gibbs (SA),83.26
Shahid Afridi (Asia/ICC/PAK),117.0
SP Fleming (ICC/NZ),71.49
MJ Clarke (AUS),78.98
SR Waugh (AUS),75.91
Shoaib Malik (PAK),81.9
A Ranatunga (SL),77.9
Javed Miandad (PAK),67.01
EJG Morgan (ENG/IRE),91.24
Younis Khan (PAK),75.29
Saleem Malik (PAK),76.41
NJ Astle (NZ),72.64
GC Smith (Afr/SA),80.81
WU Tharanga (Asia/SL),75.92
MG Bevan (AUS),74.16
Tamim Iqbal (BDESH),77.74
G Kirsten (SA),72.04
A Flower (ZIM),74.59
IVA Richards (WI),90.2
MJ Guptill (NZ),87.34
Mohammad Hafeez (PAK),76.61
GW Flower (ZIM),67.58
Ijaz Ahmed (PAK),80.3
AR Border (AUS),71.42
Shakib Al Hasan (BDESH),82.75
BRM Taylor (ZIM),76.22
RB Richardson (WI),63.74
ML Hayden (AUS/ICC),78.96
KS Williamson (NZ),81.82
Mushfiqur Rahim (BDESH),79.03
BB McCullum (NZ),96.37
DM Jones (AUS),72.56
DC Boon (AUS),65.13
JN Rhodes (SA),80.9
JE Root (ENG),87.37
Rameez Raja (PAK),63.31
AD Mathews (SL),83.33
RR Sarwan (WI),75.74
CL Hooper (WI),76.63
SR Watson (AUS),90.44
H Masakadza (ZIM),73.21
SK Raina (INDIA),93.5
MN Samuels (WI),75.11
WJ Cronje (SA),76.47
S Dhawan (INDIA),94.01
F du Plessis (SA),88.6
MEK Hussey (AUS),87.16
IR Bell (ENG),77.16
A Jadeja (INDIA),69.8
DR Martyn (AUS),77.73
G Gambhir (INDIA),85.25
ADR Campbell (ZIM),66.18
RS Mahanama (SL),60.57
CG Greenidge (WI),64.92
Misbah-ul-Haq (PAK),73.75
JP Duminy (SA),84.55
PD Collingwood (ENG),76.98
A Symonds (AUS),92.44
Abdul Razzaq (Asia/PAK),81.25
DA Warner (AUS),95.55
CL Cairns (ICC/NZ),84.26
Q de Kock (SA),95.2
Aamer Sohail (PAK),65.5
CD McMillan (NZ),75.94
MD Crowe (NZ),72.63
MV Boucher (Afr/SA),84.76
AJ Stewart (ENG),68.36
AJ Finch (AUS),89.51
SB Styris (NZ),79.41
KP Pietersen (ENG/ICC),86.58
NS Sidhu (INDIA),69.72
CZ Harris (NZ),66.51
GR Marsh (AUS),55.93
E Chigumbura (Afr/ZIM),80.02
ME Trescothick (ENG),85.21
GA Gooch (ENG),61.88
AJ Strauss (ENG),80.94
K Srikkanth (INDIA),71.74
PR Stirling (IRE),87.27
WTS Porterfield (IRE),69.38
AJ Lamb (ENG),75.54
Mahmudullah (BDESH),76.48
RP Arnold (SL),72.57
AP Gurusinha (SL),60.88
JG Wright (NZ),57.18
DJ Cullinan (SA),70.28
GA Hick (ENG),74.08
JC Buttler (ENG),119.83
SPD Smith (AUS),86.31
HP Tillakaratne (SL),57.51
N Kapil Dev (INDIA),95.07
Wasim Akram (PAK),88.33
SC Williams (ZIM),81.76
RS Kaluwitharana (SL),77.7
Imran Khan (PAK),72.65
PV Simmons (WI),67.96
NV Knight (ENG),71.52
LD Chandimal (SL),74.12
L Klusener (SA),89.91
SM Pollock (Afr/ICC/SA),86.69
MA Taylor (AUS),59.46
DB Vengsarkar (INDIA),67.73
KJ O'Brien (IRE),88.98
Mohammad Ashraful (Asia/BDESH),70.1
SO Tikolo (Afr/KENYA),75.77
HH Dippenaar (Afr/SA),67.78
A Flintoff (ENG/ICC),88.82
T Taibu (Afr/ZIM),67.58
JJ Roy (ENG),107.4
KC Wessels (AUS/SA),55.3
Babar Azam (PAK),87.08
AC Parore (NZ),68.09
Moin Khan (PAK),81.3
Kamran Akmal (PAK),83.94
AN Cook (ENG),77.13
HDRL Thirimanne (SL),72.27
Umar Akmal (PAK),86.04
DI Gower (ENG),75.15
KR Rutherford (NZ),64.3
BJ Haddin (AUS),84.24
RJ Shastri (INDIA),61.07
SM Gavaskar (INDIA),62.26
DS Lehmann (AUS),81.34
DA Miller (SA),100.13
GJ Bailey (AUS),83.51
SD Hope (WI),74.32
V Sibanda (Afr/ZIM),63.48
DJ Bravo (WI),82.3
AM Rahane (INDIA),78.63
HH Streak (Afr/ZIM),73.42
WW Hinds (WI),65.55
GJ Maxwell (AUS),123.37
JM Bairstow (ENG),104.07
DM Bravo (WI),70.18
IJL Trott (ENG),77.06
AL Logie (WI),73.9
AH Jones (NZ),57.86
Mohammad Nabi (AFG),85.54
SE Marsh (AUS),81.41
M Kaif (INDIA),72.03
SV Carlisle (ZIM),63.35
MDKJ Perera (SL),93.0
Mohammad Shahzad (AFG),88.48
Salman Butt (PAK),76.28
RG Twose (NZ),75.4
GJ Whittall (ZIM),67.43
RS Bopara (ENG),77.84
BA Stokes (ENG),93.94
Sikandar Raza (ZIM),81.74
Mudassar Nazar (PAK),51.71
EC Joyce (ENG/IRE),72.23
Ahmed Shehzad (PAK),72.08
NJ O'Brien (IRE),70.94
Zaheer Abbas (PAK),84.8
CR Ervine (ZIM),75.48
AC Hudson (SA),64.62
TWM Latham (NZ),82.36
VG Kambli (INDIA),71.94
Imrul Kayes (BDESH),71.1
JDP Oram (NZ),86.61
TM Odoyo (Afr/KENYA),70.38
AD Hales (ENG),95.72
RA Smith (ENG),69.65
L Vincent (NZ),69.88
KJ Coetzer (SCOT),86.18
KA Pollard (WI),94.14
CJ Chibhabha (ZIM),63.13
GP Thorpe (ENG),71.17
Rahmat Shah (AFG),70.08
Asghar Afghan (AFG),66.72
VVS Laxman (INDIA),71.23
RR Singh (INDIA),74.3
N Hussain (ENG),66.99
GS Chappell (AUS),75.7
Sarfaraz Ahmed (PAK),87.79
SL Campbell (WI),59.25
DL Vettori (ICC/NZ),82.98
S Matsikenyeri (ZIM),72.39
GM Wood (AUS),59.57
NLTC Perera (SL),111.67
MJ Greatbatch (NZ),71.18
JC Adams (WI),60.98
Shahriar Nafees (BDESH),69.49
D Ramdin (WI),80.35
RA Jadeja (INDIA),86.04
CS MacLeod (SCOT),82.92
Habibul Bashar (BDESH),60.45
IT Botham (ENG),79.1
MW Gatting (ENG),70.58
NH Fairbrother (ENG),72.06
RL Powell (WI),96.66
CL White (AUS),80.12
GC Wilson (IRE),71.94
CO Obuya (KENYA),68.56
Yasir Hameed (PAK),66.95
WPUJC Vaas (Asia/SL),72.42
KO Otieno (KENYA),56.61
SV Manjrekar (INDIA),64.3
MP Vaughan (ENG),68.39
CH Lloyd (WI),81.22
GD Elliott (NZ),81.78
BKG Mendis (SL),83.35
KJ Hughes (AUS),67.42
A Bagai (CAN),65.57
Fakhar Zaman (PAK),95.23
LMP Simmons (WI),73.05
Aftab Ahmed (BDESH),83.04
PJL Dujon (WI),67.51
M Amarnath (INDIA),57.7
KLT Arthurton (WI),67.46
Imran Nazir (PAK),81.01
RD Berrington (SCOT),74.24
Mohsin Khan (PAK),55.64
JV Coney (NZ),64.95
DJG Sammy (WI),100.05
RD Jacobs (WI),70.06
M Prabhakar (INDIA),60.26
Azhar Ali (PAK),74.45
OA Shah (ENG),78.67
MW Goodwin (ZIM),68.5
Khaled Mashud (BDESH),54.84
BA Edgar (NZ),49.22
A Balbirnie (IRE),75.13
Samiullah Shinwari (AFG),65.49
JO Holder (WI),94.28
DJ Hussey (AUS),90.7
MA Atherton (ENG),58.64
Mashrafe Mortaza (Asia/BDESH),87.67
MS Wade (AUS),82.11
MM Ali (ENG),104.06
IA Healy (AUS),83.84
KD Karthik (INDIA),73.24
Sir RJ Hadlee (NZ),75.5
Soumya Sarkar (BDESH),98.57
Imam-ul-Haq (PAK),80.47
Imran Farhat (PAK),69.06
CB Wishart (ZIM),70.56
Rashid Latif (PAK),76.39
DA Gunawardene (SL),71.49
AT Rayudu (INDIA),79.04
ND McKenzie (SA),69.4
NC Johnson (ZIM),70.28
BA Young (NZ),61.03
UDU Chandana (SL),72.99
CK Kapugedera (SL),72.04
Haris Sohail (PAK),85.17
GM Turner (NZ),68.05
LPC Silva (SL),70.4
Najibullah Zadran (AFG),89.85
SC Williams (WI),66.02
Saleem Elahi (PAK),71.31
RL Dias (SL),67.94
N Dickwella (SL),93.56
DR Smith (WI),92.69
UT Khawaja (AUS),84.09
IK Pathan (INDIA),79.54
RN ten Doeschate (NL),87.7
DL Houghton (ZIM),70.99
LRD Mendis (SL),75.07
Azhar Mahmood (PAK),76.5
RS Morton (WI),66.36
JJ Crowe (NZ),61.8
JM Kemp (Afr/SA),83.12
RD Shah (KENYA),65.53
MA Ouma (KENYA),59.44
HJH Marshall (NZ),73.06
DD Ebrahim (ZIM),56.81
MR Marsh (AUS),93.08
Nasir Jamshed (PAK),75.38
SO Hetmyer (WI),107.02
HA Gomes (WI),54.88
N Boje (Afr/SA),88.7
MO Odumbe (KENYA),69.96
P Utseya (ZIM),58.34
E Lewis (WI),82.27
L Ronchi (AUS/NZ),114.5
GP Howarth (NZ),60.14
JD Ryder (NZ),95.31
BC Broad (ENG),55.61
DO Obuya (KENYA),63.46
KM Jadhav (INDIA),102.18
Asad Shafiq (PAK),67.5
PG Fulton (NZ),72.77
Sabbir Rahman (BDESH),91.23
KMDN Kulasekara (SL),81.46
JR Hopes (AUS),93.71
SM Katich (AUS),68.74
Javed Omar (BDESH),51.89
Raqibul Hasan (BDESH),61.32
AA Obanda (KENYA),74.03
MS Sinclair (NZ),62.51
PN Kirsten (SA),56.02
J Charles (WI),83.8
MJ Prior (ENG),76.76
Nasir Hossain (BDESH),79.81
TM Head (AUS),90.02
NR Mongia (INDIA),68.9
C Munro (NZ),104.69
JEC Franklin (NZ),76.92
AB Agarkar (INDIA),80.62
Shoaib Mohammad (PAK),50.92
Basit Ali (PAK),75.79
MN Waller (ZIM),76.81
MD Gunathilaka (SL),85.9
JDS Neesham (NZ),98.96
SP O'Donnell (AUS),80.96
RR Rossouw (SA),94.36
Harbhajan Singh (Asia/INDIA),81.06
SG Law (AUS),75.28
Alok Kapali (BDESH),67.96
GM Hamilton (SCOT),66.64
D Mongia (INDIA),71.47
RW Marsh (AUS),82.26
HDPK Dharmasena (SL),65.03
Shaiman Anwar (UAE),82.53
Noor Ali Zadran (AFG),63.23
TM Moody (AUS),69.31
Junaid Siddique (BDESH),68.22
Mohammad Rafique (Asia/BDESH),71.61
CR Woakes (ENG),90.12
B Lee (AUS),83.58
JA Rudolph (Afr/SA),68.05
Nawroz Mangal (AFG),75.33
MH Cross (SCOT),73.95
T Mishra (KENYA),73.53
HM Nicholls (NZ),82.41
PL Mommsen (SCOT),69.04
MF Maharoof (SL),86.01
CJ Anderson (NZ),108.72
HS Modi (KENYA),58.18
ES Szwarczynski (NL),68.23
VS Solanki (ENG),72.93
B Zuiderent (NL),58.56
PA Strang (ZIM),66.02
G Boycott (ENG),53.56
F Behardien (SA),97.9
NL McCullum (NZ),87.7
Asif Mujtaba (PAK),63.91
DW Randall (ENG),62.69
Hashmatullah Shahidi (AFG),63.7
DS Smith (WI),70.31
JK Kamande (KENYA),62.61
IDS Smith (NZ),99.43
C Kieswetter (ENG),89.93
Anamul Haque (BDESH),70.69
MP Stoinis (AUS),91.86
KD Mills (NZ),81.66
JM How (NZ),66.53
Gulbadin Naib (AFG),73.1
AD Russell (WI),130.22
JP Faulkner (AUS),104.24
DSBP Kuruppu (SL),51.66
AG Prince (Afr/SA),67.77
SK Warne (AUS/ICC),72.04
SM Patil (INDIA),82.17
KOA Powell (WI),78.63
Rajin Saleh (BDESH),54.82
PW Borren (NL),85.37
NFI McCallum (SCOT),69.05
Khaled Mahmud (BDESH),67.83
BL Cairns (NZ),104.88
MJ Slater (AUS),60.4
MJ Horne (NZ),64.68
Akram Khan (BDESH),56.71
TLW Cooper (NL),70.16
Javed Ahmadi (AFG),75.6
Naeem Islam (BDESH),66.19
DF Watts (SCOT),62.47
Waqar Younis (PAK),67.05
Fawad Alam (PAK),74.47
SA Thomson (NZ),67.55
JF Mooney (IRE),79.25
GM Ritchie (AUS),64.84
HH Pandya (INDIA),115.57
RR Watson (SCOT),74.33
MD Marshall (WI),76.64
SF Mire (ZIM),80.25
Imad Wasim (PAK),109.67
MG Johnson (AUS),96.35
RS Madugalle (SL),60.35
NT Broom (NZ),81.22
A Kumble (Asia/INDIA),61.06
CM Spearman (NZ),77.87
RV Uthappa (INDIA),90.59
W Barresi (NL),75.67
AN Kervezee (NL),73.15
S Dhaniram (CAN),81.26
AJ Hall (SA),75.04
Rashid Khan (AFG),99.88
MJ Santner (NZ),87.95
TD Paine (AUS),70.8
KL Rahul (INDIA),80.96
JWA Taylor (ENG),80.12
J Srinath (INDIA),79.62
Yashpal Sharma (INDIA),63.02
TT Bresnan (ENG),90.25
SHT Kandamby (SL),69.6
AC Voges (AUS),87.17
DJ Richardson (SA),66.87
MA Vermeulen (ZIM),70.74
HK Badani (INDIA),73.47
GO Jones (ENG/PNG),77.17
TT Samaraweera (SL),69.29
SB Smith (AUS),65.27
DL Amiss (ENG),72.48
RA Harper (WI),73.58
WB Phillips (AUS),85.71
CWJ Athey (ENG),56.72
RS Kalpage (SL),63.93
MAR Samarasekera (SL),69.92
D Ganga (WI),59.61
CA Ingram (SA),82.32
BM McMillan (SA),73.32
CK Coventry (ZIM),88.68
Anshuman Rath (HKG),76.66
PJ Moor (ZIM),67.51
DW Hookes (AUS),72.07
PJ Hughes (AUS),75.09
AI Kallicharran (WI),62.15
JR Ratnayeke (SL),52.45
GN Yallop (AUS),63.89
AC Waller (ZIM),69.79
DM de Silva (SL),75.86
Sharjeel Khan (PAK),113.4
YK Pathan (INDIA),113.6
AT Carey (AUS),91.99
JM Davison (CAN),104.17
Aminul Islam (BDESH),56.59
Z Khan (Asia/INDIA),73.46
GB Hogg (AUS),78.68
Majid Khan (PAK),74.71
S Wettimuny (SL),48.04
Babar Hayat (HKG),78.47
R Lamba (INDIA),67.15
IH Romaine (BMUDA),64.07
JA Morkel (Afr/SA),100.25
Wasim Raja (PAK),66.95
Abdur Razzak (BDESH),76.37
AR White (IRE),62.83
Liton Das (BDESH),88.17
Saleem Yousuf (PAK),75.0
CN Evans (ZIM),75.94
Rizwan Cheema (CAN),111.53
KWR Fletcher (ENG),66.75
J Dyson (AUS),48.61
AR Cusack (IRE),64.27
AG Cremer (ZIM),62.2
G Fowler (ENG),56.32
DT Johnston (IRE),94.64
Manzoor Elahi (PAK),89.6
AM Samad (CAN),70.81
A Vala (PNG),68.29
PA Patel (INDIA),76.5
Sohaib Maqsood (PAK),83.42
MW Machan (SCOT),77.1
CJ Nevin (NZ),73.2
N Pooran (WI),110.13
CJ Tavare (ENG),48.94
TP Ura (PNG),80.49
MA Ealham (ENG),65.56
IJ Harvey (AUS),88.16
Muhammad Usman (UAE),76.83
Saqlain Mushtaq (PAK),49.58
LJ Wright (ENG),86.21
Mohammad Rizwan (PAK),89.58
J Mubarak (SL),63.13
PA Wallace (WI),60.9
SM Ervine (ZIM),85.53
PL Symcox (SA),83.61
Rameez Shahzad (UAE),84.57
PAJ DeFreitas (ENG),83.83
N Deonarine (WI),68.95
Wahab Riaz (PAK),86.4
JR Murray (WI),72.98
TG Southee (NZ),98.54
R Ashwin (INDIA),86.98
Nizakat Khan (HKG),82.92
M Muralitharan (Asia/ICC/SL),77.56
IM Chappell (AUS),77.0
DA Marillier (ZIM),70.81
Rohan Mustafa (UAE),68.12
R Powell (WI),83.12
UC Hathurusingha (SL),50.75
AC Botha (IRE),68.65
HE van der Dussen (SA),81.87
CJ Ferguson (AUS),85.32
LE Plunkett (ENG),102.7
S Ramesh (INDIA),59.15
AK Markram (SA),85.16
Qasim Umar (PAK),57.06
Abdul Qadir (PAK),75.5
DL Hemp (BMUDA),70.28
CEL Ambrose (WI),64.87
BMAJ Mendis (SL),82.7
C de Grandhomme (NZ),107.28
JF Reid (NZ),58.39
DLS van Bunge (NL),66.42
PSP Handscomb (AUS),97.38
RMH Binny (INDIA),60.13
GR Larsen (NZ),64.84
AM Blignaut (ZIM),106.28
DJ Nash (NZ),66.38
DN Patel (NZ),71.77
RR Patel (KENYA),63.49
GRJ Matthews (AUS),67.94
WV Raman (INDIA),55.63
GJ Rennie (ZIM),66.48
SFAF Bacchus (WI),65.94
RJ Ratnayake (SL),86.8
J Botha (Afr/SA),85.77
D Gough (ENG/ICC),64.3
AJ Hollioake (ENG),75.09
RW Chakabva (ZIM),58.89
RIC Holder (WI),68.37
RT Robinson (ENG),58.18
BM Laird (AUS),53.75
Mansoor Akhtar (PAK),51.65
W Larkins (ENG),56.44
LOB Cann (BMUDA),117.06
AU Rashid (ENG),102.43
FDM Karunaratne (SL),73.15
RJ Nicol (NZ),75.51
SB Joshi (INDIA),89.43
RT Latham (NZ),57.83
Khurram Khan (UAE),80.27
R Mutumbami (ZIM),71.49
JL Carter (WI),70.68
GH Dockrell (IRE),69.34
DAS Gunaratne (SL),79.41
BJ Hodge (AUS),87.51
MJR Rindel (SA),66.86
Tushar Imran (BDESH),59.17
BJ Watling (NZ),68.37
C White (ENG),61.2
SL Malinga (SL),74.5
RM Haq (SCOT),60.79
KS More (INDIA),69.67
HG Munsey (SCOT),76.77
CR Brathwaite (WI),91.04
Mominul Haque (BDESH),74.36
Aamer Malik (PAK),56.21
RJ Peterson (SA),80.81
GS Blewett (AUS),61.97
JN Mohammed (WI),69.3
Mosaddek Hossain (BDESH),86.72
AL Phehlukwayo (SA),90.0
TJ Friend (ZIM),75.69
T Duffin (ZIM),54.98
Mohammad Wasim (PAK),52.06
XM Marshall (USA/WI),66.91
AP Kuiper (SA),81.41
P Willey (ENG),62.92
MC Snedden (NZ),63.46
Athar Ali Khan (BDESH),56.29
IS Billcliff (CAN),66.7
SCJ Broad (ENG),74.61
NN Odhiambo (KENYA),71.64
B Kumar (INDIA),74.82
Naved-ul-Hasan (PAK),84.51
Amjad Ali (UAE),76.47
LK Germon (NZ),65.94
Mudassar Bukhari (NL),76.9
TAM Siriwardana (SL),98.28
KM Dabengwa (ZIM),60.39
PK Amre (INDIA),64.2
Dawlat Zadran (AFG),77.25
KD Walters (AUS),70.08
JG Bracewell (NZ),71.4
DP Viljoen (ZIM),61.91
JM Brearley (ENG),45.53
WD Parnell (SA),78.39
AO Suji (KENYA),51.79
AN Petersen (SA),82.62
Taufeeq Umar (PAK),56.31
PR Reiffel (AUS),70.94
AR Nurse (WI),97.85
JE Emburey (ENG),75.45
Ghulam Shabber (UAE),62.5
GP Swann (ENG),90.41
JH Davey (SCOT),66.98
JJ Tucker (BMUDA),68.31
DJ Callaghan (SA),67.9
Mohammad Mithun (BDESH),74.81
Naimur Rahman (BDESH),63.29
JWM Dalrymple (ENG),72.47
AC Cummins (CAN/WI),82.93
R McLaren (SA),71.32
MRJ Veletta (AUS),75.38
CS Baugh (WI),67.03
AA Mulla (CAN),81.0
SR Patel (ENG),93.23
CD Wallace (SCOT),91.46
DJ Reekers (NL),117.03
TN de Grooth (NL),62.01
DA Minors (BMUDA),60.42
BG Rogers (ZIM),69.37
S Lee (AUS),95.4
SS Iyer (INDIA),104.84
Karim Sadiq (AFG),80.91
MA Leask (SCOT),108.46
CA Best (WI),68.55
AJ Bichel (AUS),78.5
L Siaka (PNG),75.23
H Patel (CAN),80.13
MD Shanaka (SL),115.84
CH Morris (SA),100.43
ALF de Mel (SL),78.31
AO Malhotra (INDIA),70.85
Umar Gul (PAK),71.18
C Sharma (INDIA),90.47
GEF Barnett (CAN),61.07
R Gunasekera (CAN),67.2
RR Hendricks (SA),76.98
MD Dai (PNG),77.6
Minhajul Abedin (BDESH),49.83
Mehrab Hossain (BDESH),58.84
WIA Fernando (SL),96.33
TE Blain (NZ),66.76
SAR Silva (SL),52.62
MK Pandey (INDIA),91.85
GR Viswanath (INDIA),52.89
RL Chase (WI),76.17
JP Maher (AUS),65.08
AH Omarshah (ZIM),50.81
PL Taylor (AUS),74.95
DN Chudasama (KENYA),63.35
CJ McDermott (AUS),87.8
CJO Smith (SCOT),67.5
Shafiqullah (AFG),105.39
DR Pringle (ENG),68.99
MN van Wyk (SA),68.88
AK Sharma (INDIA),90.4
RC Russell (ENG),66.3
AS Hansra (CAN),58.06
S Prasanna (SL),94.6
SMA Priyanjan (SL),80.45
AR Adams (NZ),100.47
SR Waters (KENYA),55.79
CO Browne (WI),70.33
Farhad Reza (BDESH),64.77
Usman Ghani (AFG),79.03
GB Brent (ZIM),58.45
CB Lambert (USA/WI),75.37
RW Price (ZIM),57.91
IR Bishop (WI),52.19
EA Brandes (ZIM),90.17
ID Blackwell (ENG),86.66
F Mutizwa (ZIM),80.27
JP Bray (IRE),67.5
RG de Alwis (SL),78.32
S Madan Lal (INDIA),62.17
TBM de Leede (NL),63.69
WS Jayantha (SL),75.47
Mushtaq Ahmed (PAK),57.16
Sohail Tanvir (PAK),87.11
DR Chumney (CAN),66.72
Mohammad Naveed (UAE),122.91
IA Karim (KENYA),75.86
AB Barath (WI),64.37
Shoaib Akhtar (Asia/ICC/PAK),73.23
T Thushara (SL),92.45
PJ Ongondo (Afr/KENYA),62.96
Mirwais Ashraf (AFG),71.27
AF Giles (ENG),69.87
Hannan Sarkar (BDESH),53.71
Sadiq Mohammad (PAK),50.72
Mehidy Hasan Miraz (BDESH),76.5
MH Dekker (ZIM),47.49
DM Wellham (AUS),54.22
S Bau (PNG),62.79
U Bhatti (CAN),73.68
GF Lawson (AUS),75.6
MR Ramprakash (ENG),69.11
Al Sahariar (BDESH),52.75
CC Lewis (ENG),81.48
SMH Kirmani (INDIA),60.55
DS de Silva (SL),53.69
S Chattergoon (WI),60.16
PJ Forrest (AUS),65.59
DW Steyn (Afr/SA),64.94
WM Darling (AUS),53.46
Mohammad Amir (PAK),81.75
SP Narine (WI),82.31
SS Karim (INDIA),64.64
R Rampaul (WI),76.69
Shahriar Hossain (BDESH),53.07
SW Ambris (WI),101.97
Asif Ali (PAK),128.92
DG Brownlie (NZ),74.27
Hazratullah Zazai (AFG),88.26
WK McCallan (IRE),86.15
RC Irani (ENG),65.57
Mushfiqur Rahman (BDESH),52.17
BJ Patel (KENYA),48.91
AD Brown (ENG),82.9
ADS Fletcher (WI),64.48
Nasir Jamal (AFG),65.54
Wajahatullah Wasti (PAK),48.94
Aaron Jones (USA),66.79
MA Starc (AUS),89.46
Zahid Fazal (PAK),59.58
RR Pant (INDIA),105.48
RDB Croft (ENG),66.47
Ashfaq Ahmed (UAE),88.88
GP Wickramasinghe (SL),63.35
DNT Zoysa (SL),95.81
HH Kanitkar (INDIA),66.21
M Vijay (INDIA),66.99
BE Congdon (NZ),71.61
CM Old (ENG),84.28
Shadab Khan (PAK),68.63
MG Burgess (NZ),65.24
NM Hauritz (AUS),96.27
SD Outerbridge (BMUDA),54.9
Tapash Baisya (BDESH),58.33
SS Pathirana (SL),86.68
KA Edwards (WI),67.0
Manjural Islam Rana (BDESH),49.55
S Mukuddem (BMUDA),50.92
Adnan Mufti (UAE),80.68
Asif Iqbal (PAK),70.81
ZE Surkari (CAN),50.0
DJ Capel (ENG),68.26
MH Yardy (ENG),69.06
ML Nkala (ZIM),61.59
Saeed Ajmal (PAK),60.56
RP Snell (SA),97.57
KJJ van Noortwijk (NL),75.23
Anwar Ali (PAK),87.46
CA Walsh (WI),71.17
RB McCosker (AUS),51.36
DR Brown (ENG/SCOT),66.32
HP Rinke (ZIM),83.86
Faisal Iqbal (PAK),60.5
NAM McLean (WI),81.98
Mohammad Sami (PAK),64.08
B Wood (ENG),48.53
VV Morea (PNG),68.04
RC Fredericks (WI),70.68
BR Hartland (NZ),49.91
Chirag Suri (UAE),56.88
N Chopra (INDIA),62.24
BC Hollioake (ENG),81.1
Nafees Iqbal (BDESH),54.4
KAJ Roach (WI),53.47
Ihsanullah (AFG),69.77
DM Benkenstein (SA),65.87
TK Musakanda (ZIM),79.58
LE Bosman (Afr/SA),98.68
CMW Read (ENG),73.17
WKM Benjamin (WI),73.39
GS Ballance (ENG),67.04
PA Nixon (ENG),85.59
Zahoor Elahi (PAK),58.57
CJA Amini (PNG),68.83
DN Crookes (SA),71.84
AJ Pycroft (ZIM),52.67
DR Tuffey (NZ),79.3
DL Murray (WI),62.82
SJ Myburgh (NL),86.72
JL Denly (ENG),65.54
SE Bond (NZ),76.04
P Kumar (INDIA),88.21
SM Sharif (SCOT),74.11
Tanwir Afzal (HKG),114.5
RN Lewis (WI),79.29
DA Reeve (ENG),74.8
CS Pandit (INDIA),72.5
Sanwar Hossain (BDESH),48.57
SMSM Senanayake (SL),93.24
JN Gillespie (AUS),78.53
IDR Bradshaw (WI),59.79
KM Curran (ZIM),66.74
LG Howell (NZ),73.96
MK Tiwary (INDIA),71.21
D Lloyd (ENG),54.18
VJ Marks (ENG),65.66
JAR Blain (SCOT),54.93
NO Miller (WI),79.1
LP van Troost (NL),62.28
A Dananjaya (SL),68.85
MA Holding (WI),74.8
MA Jones (SCOT),70.07
Hasan Ali (PAK),113.36
S Randiv (SL),73.29
CL King (WI),104.86
RS Sodhi (INDIA),73.49
DJ Willey (ENG),82.3
KC Brathwaite (WI),57.55
JE Taylor (WI),86.06
AV Vadher (KENYA),54.29
Mehrab Hossain jnr (BDESH),42.99
JM Anderson (ENG),48.66
DT Christian (AUS),88.92
GH Worker (NZ),71.76
SW Billings (ENG),90.93
JW Hastings (AUS),99.26
DT Tiripano (ZIM),57.9
Umar Amin (PAK),69.13
AM Bacher (SA),57.56
Jahurul Islam (BDESH),72.77
KBJ Azad (INDIA),67.25
AD Gaekwad (INDIA),52.84
AW Greig (ENG),71.16
M Morkel (Afr/SA),75.7
Aaqib Javed (PAK),58.55
Shamsur Rahman (BDESH),76.0
CA Soper (PNG),53.42
JM Vince (ENG),88.62
Afsar Zazai (AFG),54.09
MH Denness (ENG),63.3
S Jyoti (CAN),59.72
SP Patil (UAE),65.09
HJW Gardiner (SCOT),66.16
Mohammad Saifuddin (BDESH),81.36
Naved Latif (PAK),62.82
Aizaz Khan (HKG),69.51
MD Patel (USA),66.32
AR McBrine (IRE),72.75
K Rabada (SA),77.77
Ahmed Raza (UAE),55.72
KJ Wadsworth (NZ),77.24
ML Udawatte (SL),67.1
SS Dighe (INDIA),60.8
R Edwards (AUS),73.06
AD Poynter (IRE),61.89
N Vanua (PNG),87.88
S Ranatunga (SL),48.09
IP Butchart (ZIM),63.79
NM Coulter-Nile (AUS),96.18
J Edness (BMUDA),62.53
JFM Morrison (NZ),53.38
HA Varaiya (KENYA),51.53
H Klaasen (SA),86.25
JJ Atkinson (HKG),62.81
JAH Marshall (NZ),79.87
CT Radley (ENG),68.11
AR Caddick (ENG),63.03
GF Labrooy (SL),71.14
JD Campbell (WI),115.88
JM Parker (NZ),61.53
RB Reid (NZ),55.35
RH Vance (NZ),51.55
MA Suji (KENYA),46.95
A Turner (AUS),79.93
K Doriga (PNG),63.4
AD Mascarenhas (ENG),95.33
SM Davies (ENG),105.62
JP Kotze (NAM),91.38
RAS Lakmal (SL),60.39
Qaiser Ali (CAN),63.7
RP Burl (ZIM),68.06
BP Patel (INDIA),60.9
PR Downton (ENG),67.59
Hasan Raza (PAK),50.41
MJ Di Venuto (AUS),85.76
GD Drummond (SCOT),91.6
DK Lillee (AUS),75.0
CM Wright (SCOT),68.37
Amjad Javed (UAE),89.51
CRD Fernando (Asia/SL),60.96
J Garner (WI),66.38
T Panyangara (ZIM),51.61
KJ Arnott (ZIM),48.47
DC Thomas (WI),65.38
NS Poonia (SCOT),62.86
Enamul Haque (BDESH),49.26
GJ Hopkins (NZ),75.88
LM Jongwe (ZIM),77.88
Khurram Manzoor (PAK),62.93
GR Codrington (CAN),63.17
JP Crawley (ENG),57.59
P Khadka (NEPAL),82.16
PJ Cummins (AUS),71.34
Iftikhar Anjum (PAK),61.9
Ikram Alikhil (AFG),60.62
P Mustard (ENG),92.46
AME Roberts (WI),64.7
STR Binny (INDIA),93.49
TM Chappell (AUS),62.73
SHU Karnain (SL),59.32
TM Dowlin (WI),65.51
DR Flynn (NZ),63.33
AY Karim (KENYA),60.8
SR Thompson (IRE),90.83
M Dillon (WI),55.23
AMJ Hilditch (AUS),47.47
Raza-ur-Rehman (CAN),85.87
BP Julian (AUS),89.6
KR Stackpole (AUS),57.88
JH Edrich (ENG),68.61
V Shankar (INDIA),90.65
KM Jarvis (ZIM),65.87
Aqib Ilyas (OMAN),78.36
BKV Prasad (INDIA),60.21
Sarfraz Nawaz (PAK),64.05
Wasim Bari (PAK),51.27
HS Baidwan (CAN),64.89
DR Lockhart (SCOT),63.92
Y Venugopal Rao (INDIA),60.05
NR Kumar (CAN),54.65
FA Rose (WI),81.88
EO Simons (SA),73.55
V Dahiya (INDIA),80.89
WK Lees (NZ),70.03
NO Perry (WI),62.35
FRJ Coleman (SCOT),61.33
MJ Henry (NZ),100.0
KS Lokuarachchi (SL),80.15
CPH Ramanayake (SL),56.14
Tahir Naqqash (PAK),86.77
Mushtaq Mohammad (PAK),59.2
MHW Papps (NZ),60.52
DL Bairstow (ENG),52.82
AR Berenger (UAE),67.43
PE McEwan (NZ),58.95
JA Rennie (ZIM),51.4
APE Knott (ENG),80.97
NW Bracken (AUS),70.56
AJ Burger (NAM),100.5
Mohammad Nawaz (3) (PAK),93.42
Moin-ul-Atiq (PAK),71.32
M Ntini (ICC/SA),66.77
Ijaz Faqih (PAK),56.12
GA Lamb (ZIM),51.7
MR Swart (NL),72.42
T Maruma (ZIM),59.39
AP Devcich (NZ),77.07
GSNFG Jayasuriya (SL),71.42
ASA Perera (SL),75.87
Akram Raza (PAK),62.25
PJ Ingram (NZ),81.09
C Pringle (NZ),75.39
V Rathour (INDIA),58.3
Simi Singh (IRE),58.13
MM Iqbal (SCOT),53.33
CJ Smith (BMUDA),78.36
Abid Ali (PAK),97.44
DAG Fletcher (ZIM),66.08
TN Madondo (ZIM),57.7
Mohammad Boota (UAE),75.79
Shabir Noori (AFG),63.66
CJ McKay (AUS),56.37
Mohammad Shahzad (UAE),84.44
Usman Limbada (CAN),66.54
BAW Mendis (SL),71.48
TJ Murtagh (IRE),63.08
T Mupariwa (ZIM),56.92
SW Poynter (IRE),66.54
EAE Baptiste (WI),76.34
JL Ontong (Afr/SA),68.91
Saadat Ali (PAK),53.95
Sohag Gazi (BDESH),86.38
SI de Saram (SL),67.77
SJ Benn (WI),75.83
SR Taylor (USA),68.67
AR Patel (INDIA),95.26
JR Thomson (AUS),64.64
SB Bangar (INDIA),75.31
DG Cork (ENG),66.42
WF Stelling (NL),66.17
B Warnapura (SL),43.37
Mazhar Hussain (UAE),53.59
DM Richards (WI),71.31
TK Curran (ENG),107.22
SC Khanna (INDIA),66.41
TC Bastiampillai (CAN),58.13
BR Blair (NZ),68.77
GC Dyer (AUS),76.65
MD Moxon (ENG),53.53
GRJ Roope (ENG),50.58
SB Doull (NZ),91.48
Hasibul Hossain (BDESH),69.63
BN Cooper (NL),92.93
RP Lefebvre (NL),61.07
DK Morrison (NZ),42.75
I Udana (SL),94.47
D Bau (PNG),53.29
PS de Villiers (SA),77.98
SW Masakadza (ZIM),96.04
CJ Jordan (ENG),89.89
J Smits (NL),46.94
RA Jones (NZ),51.06
AF Milne (NZ),101.81
CP Rizwan (UAE),51.69
AR Whittall (ZIM),54.19
RS Gabriel (WI),46.38
JE Morris (ENG),74.22
Haroon Rasheed (PAK),52.53
A McGrath (ENG),47.02
DES Maxwell (CAN),69.74
TL Chatara (ZIM),49.1
Khurram Chohan (CAN),57.89
JF Kloppenburg (NL),62.26
MJ Lumb (ENG),81.28
JA McCollum (IRE),68.75
GAHM Parkar (INDIA),49.69
D Bishoo (WI),62.35
RB Kanhai (WI),60.07
RR Powar (INDIA),62.69
JC Tredwell (ENG),67.35
Faheem Ashraf (PAK),83.07
MV Nagamootoo (WI),60.0
JTC Vaughan (NZ),62.06
T Bavuma (SA),94.7
CD Cumming (NZ),53.48
SKL de Silva (SL),83.41
SC Joseph (WI),53.31
KMA Paul (WI),82.98
E Schiferli (NL),73.85
HMCM Bandara (SL),71.42
PE Cantrell (NL),52.11
MS Chapman (HKG/NZ),91.95
JL Langer (AUS),88.88
K Weeraratne (SL),90.39
Saleem Raza (UAE),91.9
AC Bedade (INDIA),86.33
DAJ Bracewell (NZ),73.83
JJ Martin (INDIA),47.73
Imran Tahir (SA),69.77
MP Maynard (ENG),69.33
IJ Gould (ENG),63.78
PM Seelaar (NL),63.52
TA Boult (NZ),73.68
GJ Cosier (AUS),92.77
AM Ellis (NZ),83.69
Mohammad Hussain (PAK),113.23
CJ Richards (ENG),58.33
RML Taylor (SCOT),89.53
C Zhuwao (ZIM),116.66
CPS Chauhan (INDIA),50.83
AN Ranasinghe (SL),104.08
DW Fleming (AUS),68.77
MDK Perera (SL),76.38
AJ Redmond (NZ),58.68
MW Alleyne (ENG),59.21
J Anderson (IRE),56.55
RS Gavaskar (INDIA),64.52
BF Hastings (NZ),55.71
VD Philander (SA),70.89
RG Aga (KENYA),71.77
BB Chari (ZIM),45.18
NA Foster (ENG),61.47
GD Barlow (ENG),58.43
AR Khurasiya (INDIA),79.25
Khalid Latif (PAK),64.47
Nazimuddin (BDESH),62.02
GM Strydom (ZIM),65.33
MRJ Watt (SCOT),72.77
D Williams (WI),60.74
JA Burns (AUS),79.34
SE Findlay (WI),75.25
Sompal Kami (NEPAL),89.02
MP O'Dowd (NL),72.5
AC Agar (AUS),86.74
R Clarke (ENG),62.06
DK Liyanage (SL),69.56
LN Onyango (KENYA),76.59
G Malla (NEPAL),75.66
Abdur Rehman (PAK),53.99
CM Kuggeleijn (NZ),63.67
D Langford-Smith (IRE),106.76
MB Loye (ENG),77.17
K Zondo (SA),63.39
DE Bernard (WI),64.38
ARC Fraser (ENG),67.78
OD Gibson (WI),102.17
CR Matthews (SA),69.8
A Nehra (Asia/INDIA),57.31
Shahid Saeed (PAK),44.62
VJ Wells (ENG),55.73
AF Buurman (NL),78.21
HMRKB Herath (SL),64.51
Rubel Hossain (BDESH),56.22
JM Wiener (AUS),43.2
MV Fleming (ENG),101.45
KH MacLeay (AUS),81.76
EAR de Silva (SL),57.26
GN Edwards (NZ),72.25
KA Hope (WI),71.87
S Samarawickrama (SL),83.63
RJ Bailey (ENG),69.89
RM Hogg (AUS),63.13
APB Tennekoon (SL),66.18
ST Finn (ENG),60.98
G Miller (ENG),51.32
Mohammed Shami (INDIA),82.92
LG Rowe (WI),55.73
KD Shah (HKG),57.14
R Vijay Bharadwaj (INDIA),70.1
SRD Wettimuny (SL),56.19
D Pretorius (SA),93.1
PA Browne (WI),74.86
TS Chisoro (ZIM),61.46
Krishna Chandran (UAE),48.9
Arshad Khan (PAK),61.29
MD Bell (NZ),49.62
RJ Sidebottom (ENG),68.55
RK Chauhan (INDIA),77.19
D Keulder (NAM),60.0
Bazid Khan (PAK),56.46
MSK Prasad (INDIA),58.22
Sajid Ali (PAK),44.36
RW Taylor (ENG),41.66
RJ Trott (BMUDA),52.2
TJ Zoehrer (AUS),71.03
KTGD Prasad (SL),88.35
Shafiul Islam (BDESH),54.89
BOP Fernando (SL),63.05
FC Hayes (ENG),54.46
Khawar Ali (OMAN),50.0
DT Hondo (ZIM),51.0
TE Jesty (ENG),69.78
A Nel (SA),76.5
Yasir Shah (PAK),85.23
SJ Baard (NAM),63.31
Basil Hameed (UAE),71.18
Dhiman Ghosh (BDESH),62.68
MG Erasmus (NAM),74.55
M Kartik (INDIA),70.78
TRO Payne (WI),52.5
CP Senanayake (SL),59.71
PA Jaques (AUS),71.02
MC Sorensen (IRE),80.64
AJ Turner (AUS),145.34
AIC Dodemaide (AUS),77.98
ZE Green (NAM),68.13
A Maregwede (ZIM),56.88
JA Samarasekera (UAE),57.67
M van Jaarsveld (SA),73.37
LR Williams (WI),66.66
Ziaur Rahman (BDESH),112.72
CD de Lange (SCOT),61.5
BM Duckett (ENG),80.92
GA Paterson (ZIM),37.61
J Arun Lal (INDIA),52.58
RL Bhudia (KENYA),98.38
CRM Douglas (BMUDA),55.96
BA Parchment (WI),56.22
SK Gupta (KENYA),55.0
GJAF Aponso (NL),48.58
L Balaji (INDIA),78.94
Shahid Mahboob (PAK),61.34
EJ Chatfield (NZ),34.1
DBL Powell (WI),71.95
JN Snape (ENG),68.2
V Yadav (INDIA),101.72
MR Adair (IRE),115.84
DH Brain (ZIM),68.42
NB Mahwire (ZIM),46.98
FL Reifer (WI),51.09
Arshad Ayub (INDIA),71.6
Azam Khan (PAK),65.53
PH Edmonds (ENG),50.0
Hamza Tariq (CAN),73.88
Tauseef Ahmed (PAK),53.7
PWH de Silva (SL),103.6
GK Khoda (INDIA),62.16
GD McGrath (AUS/ICC),48.72
MA Carberry (ENG),63.33
C Carter (HKG),61.29
GR Dilley (ENG),85.71
FM Engineer (INDIA),58.46
KD Ghavri (INDIA),58.76
MO Jones (BMUDA),75.83
DL Maddy (ENG),54.85
Naved Anjum (PAK),73.37
MJ Cosgrove (AUS),96.55
JN Frylinck (NAM),115.46
K Gore (USA),65.49
Haseeb Amjad (HKG),131.76
DP Hyatt (WI),59.57
CT Mutombodzi (ZIM),70.0
Hasan Jamil (PAK),92.5
RDM Leverock (BMUDA),29.05
Shan Masood (PAK),76.55
RD Brown (ZIM),32.93
BJ McCarthy (IRE),54.72
Rashid Khan (PAK),63.58
MG Burmester (ZIM),52.65
CL Smith (ENG),45.41
CG Williams (NAM),60.22
DS Airee (NEPAL),68.35
MJ McClenaghan (NZ),78.26
SS McKechnie (HKG),55.95
R Murray (ZIM),60.67
Hamid Hassan (AFG),54.87
SJ Rhodes (ENG),71.33
G Cook (ENG),40.61
CR Foggo (BMUDA),60.91
KO Meth (ZIM),57.92
Faruk Ahmed (BDESH),38.46
AS Joseph (WI),83.33
RK Kleinveldt (SA),84.67
TJ Laughlin (AUS),65.62
PM Toohey (AUS),78.94
CD Collymore (WI),39.84
D Elgar (SA),58.75
BP Nash (WI),73.75
RP Singh (INDIA),42.97
K Birkenstock (NAM),53.36
MW Priest (NZ),45.77
G Toka (PNG),54.21
JW Wilson (NZ),91.96
Ehsan Khan (HKG),44.73
Waqas Barkat (HKG),55.43
D Wiese (SA),88.69
Arshad Laeeq (UAE),46.97
XJ Doherty (AUS),54.89
ERNS Fernando (SL),46.75
RO Hinds (WI),59.41
WR James (ZIM),39.6
Kuldeep Yadav (INDIA),58.38
TA Lloyd (ENG),44.29
Tabarak Dar (HKG),57.71
GB Troup (NZ),72.14
S Amarnath (INDIA),84.03
S Elworthy (SA),62.5
AC Evans (SCOT),63.69
MG Hughes (AUS),74.62
Shahzaib Hasan (PAK),88.49
NMK Smith (ENG),75.75
A Zampa (AUS),62.89
Akshay Homraj (USA),73.33
LV Garrick (WI),48.52
AFG Griffith (WI),55.93
Irfan Ahmed (HKG),79.2
BC Rose (ENG),47.14
Saad Nasim (PAK),79.83
Sandeep Goud (OMAN),88.39
DCC Borden (BMUDA),50.25
GJ Crocker (ZIM),93.33
EJ Gray (NZ),42.6
LR Johnson (WI),56.0
I Maraj (CAN),37.12
Mohammad Ishaq (UAE),75.38
GC Small (ENG),52.12
Sohrawordi Shuvo (BDESH),72.59
GM Ewing (ZIM),70.8
AL Kandappah (CAN),62.17
RB Kerr (AUS),61.0
Manzoor Akhtar (PAK),65.98
Azhar Hossain (BDESH),36.09
MP Bicknell (ENG),92.3
RE van der Merwe (NL/SA),101.05
Aamer Yamin (PAK),98.95
D Daesrath (CAN),69.34
AA Donald (SA),34.05
Mohammad Tauqir (UAE),57.92
HK Olonga (ZIM),58.28
JS Patel (NZ),58.64
KL Tucker (BMUDA),38.61
Aarif Sheikh (NEPAL),53.4
PC de Silva (SL),83.92
VC Drakes (WI),54.02
GFJ Liebenberg (SA),47.23
Mohammed Qasim (UAE),50.0
LJ Tucker (IRE),91.26
S Abid Ali (INDIA),70.45
Kabir Ali (ENG),86.11
PVD Chameera (SL),62.0
MR Gillespie (NZ),78.81
V Mehra (UAE),45.54
BC Strang (ZIM),41.81
SJ Harmison (ENG),64.53
JV Harris (CAN),44.6
SG Peall (ZIM),60.66
DP Samaraweera (SL),53.84
RT Lyons (SCOT),61.22
GB Murgatroyd (NAM),62.06
A Nao (PNG),108.43
A Ratra (INDIA),70.86
Aamer Hanif (PAK),69.53
FA Allen (WI),88.11
Bilawal Bhatti (PAK),118.66
JJ van der Wath (SA),127.14
VB Chandrasekhar (INDIA),54.32
NK Patel (USA),65.67
Raees Ahmadzai (AFG),64.23
AJ Traicos (ZIM),50.28
Anil Dalpat (PAK),63.97
H Hiri (PNG),63.5
K Jethi (CAN),110.12
Suraj Kumar (OMAN),60.41
RM Ellison (ENG),78.18
BD Julien (WI),58.1
EH Mattis (WI),45.26
AD Mullally (ENG),36.13
RK Paudel (NEPAL),77.47
WB Rankin (ENG/IRE),43.43
R Vinay Kumar (INDIA),58.9
BV Vitori (ZIM),95.55
W Watson (NZ),47.77
PB Dassanayake (SL),59.85
PJC Hoffmann (SCOT),123.18
KAD Hurdle (BMUDA),84.15
SI Mahmood (ENG),84.15
KJ Barnett (ENG),57.53
IG Butler (NZ),54.54
SF Dukanwala (UAE),60.43
VB John (SL),55.26
GI Maiden (SCOT),63.15
Saqib Ali (UAE),65.11
Younis Ahmed (PAK),55.62
OAC Banks (WI),55.7
GH Bodi (SA),62.87
AG Davies (SCOT),53.89
LHD Dilhara (SL),77.57
DJM Short (AUS),83.83
R Strydom (IRE),53.54
RGD Willis (ENG),52.86
RR David (CAN),48.23
C Hemraj (WI),83.67
LJ Koen (SA),48.52
DB Kotze (NAM),60.74
Nasir Aziz (UAE),65.6
RD Robinson (AUS),57.34
MC Henriques (AUS),68.06
Mahbubul Alam (BDESH),114.08
AM Phangiso (SA),50.0
GA Rogers (SCOT),47.92
Shahid Wasif (HKG),49.69
JJ Smit (NAM),71.05
S Sriram (INDIA),60.0
Syed Rasel (BDESH),43.78
JNT Vare (PNG),73.63
Jai P Yadav (INDIA),65.85
Aftab Alam (AFG),74.76
G Goudie (SCOT),80.8
TR Gripper (ZIM),42.78
Hammad Azam (PAK),61.06
PWE Rawson (ZIM),65.04
SK Sharma (INDIA),59.25
TD Astle (NZ),102.59
S Badrinath (INDIA),45.93
Shahadat Hossain (BDESH),52.31
MHN Walker (AUS),46.47
UT Yadav (INDIA),58.95
AC Dale (AUS),57.35
MF Kent (AUS),58.64
Mustafizur Rahman (BDESH),57.35
MW Rushmere (SA),44.82
Sami Aslam (PAK),66.66
MH Tissera (SL),53.06
NM Lyon (AUS),92.77
KJ Abbott (SA),60.31
TL Best (WI),60.8
SS Cottrell (WI),73.78
IG Holland (USA),82.6
CA Lynn (AUS),84.26
AP Sheahan (AUS),60.48
KDK Vithanage (SL),83.33
NG Jones (IRE),72.54
MS Kasprowicz (AUS),83.14
PWA Mulder (SA),83.14
MM Patel (INDIA),66.07
Yasir Arafat (PAK),67.27
FH Edwards (WI),45.62
CK Langeveldt (SA),58.87
EB McSweeney (NZ),61.34
GR Sealy (CAN),48.99
CS Serjeant (AUS),46.2
R Telemachus (SA),77.65
AL Wadekar (INDIA),81.11
DS Weerakkody (SL),110.6
G Blakeney (BMUDA),104.34
TG Hogan (AUS),75.78
BA Murphy (ZIM),55.38
OL Pitcher (BMUDA),33.17
I Sharma (INDIA),35.46
S Viswanath (INDIA),51.79
CJ Adams (ENG),49.3
DI Allan (KENYA),46.4
SA Edwards (NL),87.65
EH Hutchinson (USA),144.89
MJG Rippon (NL),63.39
JDF Vandersay (SL),42.77
KED Carroll (IRE),55.55
SR Gillespie (NZ),66.03
Shuvagata Hom (BDESH),81.39
MJ Smith (ENG),44.02
RD Steede (BMUDA),49.29
Ashraf Ali (PAK),51.11
SR Clark (AUS),78.4
AC Dawson (SA),102.98
Y Goonasekera (SL),66.34
SP Khakurel (NEPAL),53.07
Mujeeb Ur Rahman (AFG),87.34
TP Visee (NL),123.21
FS Crockwell (BMUDA),65.38
TGJ Gruijters (NL),58.62
OJ Hairs (SCOT),68.0
Iftikhar Ahmed (PAK),93.15
RK Illingworth (ENG),57.14
Jatinder Singh (OMAN),49.63
Junaid Khan (PAK),53.54
SO Ngoche (KENYA),57.14
Nurul Hasan (BDESH),97.14
JA Richardson (AUS),80.95
M Sheikh (KENYA),55.28
SJ Cook (SA),56.77
SG Davies (ZIM),38.72
Junaid Siddiqui (CAN),46.52
N Madziva (ZIM),48.55
HJC Mol (NL),36.61
Nadeem Ahmed (HKG),44.37
V Pollard (NZ),46.2
Shapoor Zadran (AFG),41.87
IS Sodhi (NZ),76.13
Waqas Khan (HKG),48.9
PR Adams (SA),53.22
Akhtar Sarfraz (PAK),66.66
RJ Bright (AUS),54.09
Sharafuddin Ashraf (AFG),66.0
OO Bascome (BMUDA),44.82
KCG Benjamin (WI),81.25
RD King (WI),32.01
RG Petrie (NZ),59.63
Saeed Azad (PAK),49.61
VA Holder (WI),75.29
H Osinde (CAN),49.23
KF Semple (WI),38.78
RO Hussain (SCOT),44.05
PD McGlashan (NZ),123.52
MQ Sheikh (SCOT),45.0
Taijul Islam (BDESH),81.81
Adnan Akmal (PAK),69.66
SD Anurasiri (SL),43.35
DE Budge (SCOT),88.57
PG Coman (NZ),59.61
CE Cuffy (WI),49.6
LH Ferguson (NZ),49.6
SN Netravalkar (USA),68.13
JB Reva (PNG),74.69
Shaheedur Rahman (BDESH),57.4
Azhar Saeed (UAE),31.28
Dolar Mahmud (BDESH),138.63
BT Foakes (ENG),80.26
MN Hart (NZ),60.39
JD Love (ENG),61.0
EO Odumbe (KENYA),40.66
DR Parry (WI),79.22
Shakeel Ahmed jnr (PAK),47.65
L Sreekumar (UAE),83.56
ELR Stewart (SA),52.58
DS Wesonga (KENYA),56.48
RM West (IRE),148.78
GE Bradburn (NZ),46.15
JJ Celestine (BMUDA),44.44
ST Clarke (WI),103.44
Humayun Farhat (PAK),107.14
JA Jameson (ENG),37.97
NC McGarrell (WI),61.22
Abdul Jabbar (CAN),71.95
WD Balaji Rao (CAN),66.29
Gazi Ashraf (BDESH),24.68
MBS Jonkman (NL),74.68
MA Parker (SCOT),56.73
RO Butcher (ENG),85.29
Imran Haider (UAE),42.64
TMK Mawoyo (ZIM),36.25
D Murphy (SCOT),49.15
Saqlain Haider (UAE),75.32
M van Schoor (NAM),52.25
BM Wheeler (NZ),123.4
B Yardley (AUS),59.18
KD Boyce (WI),74.02
Ehsanul Haque (BDESH),44.18
Frasat Ali (EAf),32.38
G Salmond (SCOT),52.29
AJ Tye (AUS),118.75
V Aravind (UAE),76.71
RS Haire (IRE),77.77
JK Lever (ENG),36.84
NM Odhiambo (KENYA),46.28
Sohail Fazal (PAK),94.91
LL Tsotsobe (SA),51.37
MA Wood (ENG),88.88
MW Douglas (NZ),44.71
FY Fazal (INDIA),90.16
TV Mufambisi (ZIM),61.11
SJ Palframan (SA),68.75
TK Patel (USA),53.92
EC Rainsford (ZIM),41.04
SK Ranasinghe (SL),67.9
Abdul Shakoor (UAE),52.94
Arshad Ali (UAE),52.94
RJ Campbell (AUS),77.14
RD Jackman (ENG),58.06
RWT Key (ENG),40.0
J Kila (PNG),85.71
BJ McKechnie (NZ),37.24
Mohammad Iqbal (CAN),67.5
JV Paranjpe (INDIA),59.34
RG Samuels (WI),85.71
RK Sethi (EAf),29.18
S Venkataraghavan (INDIA),42.85
BCJ Cutting (AUS),79.1
Ghulam Ali (PAK),43.8
Mafizur Rahman (BDESH),50.96
Manjural Islam (BDESH),39.55
WP Masakadza (ZIM),42.4
Mohammad Sharif (BDESH),51.96
RAP Nissanka (SL),37.85
DL Underwood (ENG),39.84
CAK Walton (WI),61.62
AJ Woodcock (AUS),79.1
JE Brinkley (SCOT),44.06
TK Canning (NZ),71.23
JS Malhotra (USA),73.23
B Mavuta (ZIM),110.63
AK Perera (SL),62.65
N Pokana (PNG),49.05
Zahoor Khan (UAE),67.53
CS Cowdrey (ENG),110.86
D Dasgupta (INDIA),62.19
AH Gray (WI),66.23
A Mithun (INDIA),92.72
CA Pujara (INDIA),39.23
KW Richardson (AUS),91.07
BS Sandhu (INDIA),52.57
DE Bollinger (AUS),92.59
NE Clarke (NL),44.64
JG Heron (ZIM),30.67
PA Horne (NZ),40.98
J Lewis (ENG),79.36
D Ravu (PNG),63.29
IM Stanger (SCOT),33.33
CT Tremlett (ENG),56.17
Zeeshan Siddiqi (CAN),45.04
ST Banerjee (INDIA),116.66
DB Close (ENG),98.0
WW Daniel (WI),87.5
DJ Gandhi (INDIA),50.51
CK Hooper (CAN),81.66
Maninder Singh (INDIA),54.44
E Otieno (KENYA),36.02
D Ranatunga (SL),31.41
BA Reid (AUS),41.88
GK Robertson (NZ),102.08
MMC Schewe (NL),72.05
SS Tiwary (INDIA),87.5
KEA Upashantha (SL),56.97
Arafat Sunny (BDESH),52.17
GG Arnold (ENG),64.0
JH Hampshire (ENG),55.81
RJ Harris (AUS),100.0
Mohammad Irfan (PAK),32.21
CB Mpofu (ZIM),23.76
MW Pringle (SA),85.71
PC Strydom (SA),51.06
MG Vandort (SL),41.02
JJ Whitaker (ENG),73.84
Zafar Iqbal (PAK),77.41
Zulqarnain Haider (PAK),70.58
A Codrington (CAN),51.08
FA Dennis (CAN),27.48
Fayyaz Ahmed (UAE),47.0
ER Fernando (SL),71.21
L Ngidi (SA),71.21
Sarandeep Singh (INDIA),64.38
BGK Walker (NZ),59.49
Jawahir Shah (EAf),40.35
KK Nair (INDIA),52.27
J Nyumbu (ZIM),51.68
PP Ojha (INDIA),41.07
IR Redpath (AUS),68.65
Skhawat Ali (HKG),42.2
TB Sole (SCOT),106.97
Azeem Hafeez (PAK),43.26
M Karg (NAM),69.23
DA Murray (WI),32.14
GR Robertson (AUS),81.81
S Thuraisingam (CAN),41.66
PJ Wiseman (NZ),54.21
VR Brown (NZ),51.76
NA de Groot (CAN),34.64
Golam Faruq (BDESH),42.3
AV Mankad (INDIA),72.13
RD McCann (IRE),57.14
BP Patterson (WI),43.56
RH Poonawala (UAE),78.57
S Sreesanth (INDIA),36.36
JH Stander (SCOT),58.66
HR Bryan (WI),60.56
Faisal Hossain (BDESH),47.25
KHRK Fernando (SL),59.72
AR Kapoor (INDIA),68.25
A Mishra (INDIA),52.43
Salman Faris (UAE),54.43
WN Slack (ENG),50.58
GB Stevenson (ENG),76.78
SJ Swanepoel (NAM),45.74
Anwar Hossain (BDESH),39.25
Azmat Rana (PAK),57.53
MJ Fourie (IRE),82.35
GJ Gilmour (AUS),107.69
JN Maguire (AUS),59.15
JL Pattinson (AUS),52.5
MH Richardson (NZ),43.29
Shaheen Shah Afridi (PAK),65.62
JS Foster (ENG),57.74
SP Heaney (CAN),44.56
PA Hitchcock (NZ),67.21
Mehmood Quaraishy (EAf),26.62
WP Saha (INDIA),73.21
Shafiq Ahmed (PAK),45.05
Taskin Ahmed (BDESH),41.41
SR Welsh (CAN),52.56
Bilal Asif (PAK),81.63
PC Connell (IRE),54.79
DR Hadlee (NZ),47.05
Khaliq Dad (AFG),57.97
S Lamichhane (NEPAL),57.97
PS Masvaure (ZIM),66.66
Mohammad Nadeem (OMAN),44.94
ML Patel (KENYA),42.1
SJ Rixon (AUS),40.81
DJ ter Braak (NL),42.55
MR Whitney (AUS),44.44
GA Briant (ZIM),56.52
YS Chahal (INDIA),54.16
SS Das (INDIA),50.64
KSC de Silva (SL),42.39
DR Gilbert (AUS),38.23
Iqbal Qasim (PAK),43.33
BA King (WI),69.64
N Kruger (NL),52.0
GD Lloyd (ENG),48.75
TBA May (AUS),75.0
LS Pascoe (AUS),38.23
Ramveer Rai (UAE),31.45
RH Scholte (NL),28.88
A Shahzad (ENG),65.0
SN Thakur (INDIA),177.27
Zulfiqar Ali (EAf),51.31
JT Ball (ENG),77.55
CJD Chappell (CAN),26.57
PP Chawla (INDIA),65.51
CKB Kulasekara (SL),52.77
PJ Martin (ENG),71.69
Mohammad Aslam (UAE),52.05
N M'shangwe (ZIM),84.44
SS Naik (INDIA),55.88
Najeeb Amar (HKG),59.37
GH O'Brien (BMUDA),70.37
CAH Stevenson (USA),86.36
S Walusimbi (EAf),30.15
PN Webb (NZ),37.62
Zeeshan Maqsood (OMAN),51.35
JR Hazlewood (AUS),64.91
MP Jarvis (ZIM),55.22
TS Kamunhukamwe (ZIM),74.0
TS Roland-Jones (ENG),100.0
Saiful Islam (BDESH),62.71
Shahid Anwar (PAK),84.09
DJ White (NZ),38.14
Ankur Vasishta (HKG),52.17
M Bhanuka (SL),92.3
PW Gunaratne (SL),57.14
MF Malone (AUS),57.14
G Mylvaganam (UAE),39.13
AR Pitcher (BMUDA),40.44
KR Pushpakumara (SL),69.23
Saleem Jaffar (PAK),49.31
RB Simpson (AUS),67.92
LO Tikolo (KENYA),48.0
JO Troughton (ENG),47.36
B Bhandari (NEPAL),45.45
PKD Chase (IRE),62.5
H Durham (BMUDA),33.33
G Dymock (AUS),42.68
Joginder Sharma (INDIA),116.66
C McAuslan (HKG),48.61
Nazmul Hossain (BDESH),27.34
JO Ngoche (KENYA),41.17
KT Sandher (CAN),32.71
AR Tait (NZ),109.37
SD Udal (ENG),76.08
MWA van Nierop (NL),71.42
SM Warnapura (SL),46.05
Zulfiqar Babar (PAK),87.5
RP Alexander (USA),45.33
SA Ankola (INDIA),80.95
Ata-ur-Rehman (PAK),44.73
Atiq-uz-Zaman (PAK),94.44
ID Austin (ENG),69.38
RO Collinge (NZ),54.83
RMS Eranga (SL),53.12
BN French (ENG),47.88
AS Luseno (KENYA),68.0
M Mbangwa (ZIM),60.71
Mohammad Asif (Asia/PAK),34.0
CG Rackemann (AUS),44.15
TT Smart (HKG),36.17
Fayyaz Butt (OMAN),78.57
T Gibbons (BMUDA),33.67
LWS Kaluperuma (SL),55.0
RR Kulkarni (INDIA),84.61
RJ McCurdy (AUS),46.47
GE Peckover (ZIM),61.11
PARP Perera (SL),56.89
TL Seifert (NZ),122.22
AS Wassan (INDIA),58.92
TM Alderman (AUS),32.98
RE Bryson (SA),128.0
BFW de Leede (NL),42.66
BP Kruger (NL),64.0
SLV Raju (INDIA),47.76
JD Siddons (AUS),86.48
SP Terry (IRE),47.76
Amir Hayat (UAE),42.46
BS Bedi (INDIA),44.28
HM Goonatilleke (SL),53.44
PW Jarvis (ENG),79.48
C Jonker (SA),93.93
GC Martin (ZIM),47.69
MN Nawaz (SL),43.66
JD Nel (SCOT),57.4
PADLR Sandakan (SL),35.22
MM Sharma (INDIA),46.96
PM Siddle (AUS),103.33
Sikander Bakht (PAK),31.95
RW Sims (ZIM),46.26
HR Walsh (USA/WI),83.78
RD Woolley (AUS),81.57
M Yachad (SA),40.25
BE Young (AUS),65.95
GJ Batty (ENG),41.09
SL Boock (NZ),96.77
M Cheruparambil (HKG),57.69
PT Collins (WI),60.0
BL D'Oliveira (ENG),69.76
Ehsan Nawaz (HKG),34.48
MVT Fernando (SL),49.18
EE Hemmings (ENG),49.18
AJ Ireland (ZIM),29.7
FJ Klaassen (NL),57.69
IT Shillingford (WI),78.94
PA van Meekeren (NL),75.0
JCB Vaughan (CAN),54.54
JS Ababu (KENYA),46.03
N Pradeep (SL),37.66
TCB Fernando (SL),49.15
BW Hilfenhaus (AUS),42.02
Imran Abbas (PAK),46.03
DI Joyce (IRE),51.78
ARM Opatha (SL),52.72
KJ Wright (AUS),55.76
Adeel Raja (NL),20.14
WW Davis (WI),52.83
JD Hall (IRE),37.33
Kamran Hussain (PAK),133.33
Mohammad Hasnain (PAK),155.55
DS Mohanty (INDIA),49.12
Taslim Arif (PAK),48.27
Ehsan Adil (PAK),64.28
TJ Franklin (NZ),30.33
TG Gordon (CAN),45.76
TJ Heggelman (NL),31.76
HAPW Jayawardene (SL),61.36
TP Kamungozi (ZIM),49.09
BL Kotze (NAM),52.94
DS Kulkarni (INDIA),96.42
WM Lawry (AUS),55.1
Mohsin Kamal (PAK),67.5
Mujahid Jamshed (PAK),50.0
RJ Robinson (BMUDA),67.5
Rumman Raees (PAK),112.5
ED Solkar (INDIA),34.17
BA Williams (AUS),58.69
Zakir Khan (PAK),42.85
Aizaz Cheema (PAK),57.77
BJ Diamanti (NZ),118.18
BG Hadlee (NZ),27.95
RC Haynes (WI),39.39
Khurram Nawaz (OMAN),53.06
A Kuruvilla (INDIA),60.46
Mosharraf Hossain (BDESH),34.66
MS Panesar (ENG),28.57
Pervez Mir (PAK),59.09
CEB Rice (SA),70.27
TG Shaw (SA),74.28
SL Stewart (NZ),44.06
Tareq Aziz (BDESH),35.61
BO van Rooi (NAM),68.42
RJ van Vuuren (NAM),68.42
Wasim Haider (PAK),37.14
Zain Abbas (HKG),48.14
Sultan Zarawani (UAE),41.93
RJ Blakey (ENG),50.0
DK Butler (WI),73.52
JJ Dawood (CAN),131.57
MLC Foster (WI),40.32
S Jeganathan (SL),64.1
KA Maharaj (SA),96.15
GMC Mol (NL),46.29
Nasir Ahmed (BDESH),40.32
A Patel (CAN),86.2
AK Sah (NEPAL),71.42
Saleem Altaf (PAK),47.16
Sayed Shirzad (AFG),147.05
Shahid Nazir (PAK),58.13
Sohail Khan (PAK),49.01
SW Tait (AUS),86.2
SK Atai (PNG),42.1
MR Benson (ENG),41.37
AN French (HKG),28.57
ST Gabriel (WI),38.09
SF Graf (AUS),48.0
JPR Lamsam (HKG),51.06
SW Lubbers (NL),64.86
DJ Malan (ENG),80.0
MJ Mason (NZ),53.33
Naeem Ashraf (PAK),55.81
SB O'Connor (NZ),26.37
SP Pasqual (SL),85.71
N Pothas (SA),58.53
Rafiqul Alam (BDESH),38.09
Sheikh Salahuddin (BDESH),17.64
ML Su'a (NZ),42.85
Amir Hamza (AFG),24.46
JO Angara (KENYA),35.93
HAG Anthony (WI),104.54
Asim Butt (SCOT),82.14
SV Bahutule (INDIA),79.31
J Figy John (UAE),63.88
SC Getkate (IRE),100.0
AE Greenidge (WI),69.69
Hasti Gul (AFG),209.09
E Katchay (CAN),56.09
J Louw (SA),328.57
SJ Massiah (USA),52.27
AJ Penn (NZ),69.69
V Razdan (INDIA),85.18
CP Tremain (AUS),62.16
Waheed Ahmed (UAE),45.09
Afzaal Haider (HKG),42.3
UNK Fernando (SL),88.0
DW Headley (ENG),44.89
Kamran Shazad (UAE),88.0
Mohammad Salman (PAK),56.41
Shafiuddin Ahmed (BDESH),33.33
BR Taylor (NZ),52.38
CM Wells (ENG),50.0
Ali Asad (UAE),44.68
B Arun (INDIA),65.62
AB Dinda (INDIA),58.33
Karan KC (NEPAL),91.3
S Keshvani (CAN),55.26
MAWR Madurasinghe (SL),33.87
J Patraj (CAN),43.75
K Pierre (WI),116.66
DA Stirling (NZ),53.84
I Wardlaw (SCOT),52.5
RA Woolmer (ENG),45.65
SP Davis (AUS),58.82
O Henry (SA),76.92
AP Igglesden (ENG),64.51
MR Johnson (USA),105.26
MMA Jonkman (NL),39.21
BM Mauricette (CAN),29.41
DT Mutendera (ZIM),46.51
Najmul Hossain Shanto (BDESH),44.44
IL Philip (SCOT),22.47
ADJ Pitcher (BMUDA),71.42
Rizwan-uz-Zaman (PAK),15.5
AF Sattaur (CAN),33.33
PH Sharma (INDIA),51.28
S Shivnarine (WI),46.51
Umair Ali (UAE),66.66
KIW Wijegunawardene (SL),36.36
CA Young (IRE),62.5
JP Behrendorff (AUS),126.66
JJ Bumrah (INDIA),44.18
JW Dernbach (ENG),48.71
EL Gouka (NL),52.77
RGA Headley (WI),46.34
S Jora (NEPAL),95.0
T Kumaran (INDIA),70.37
MA Meman (ZIM),86.36
V Permaul (WI),73.07
HSM Pieris (SL),32.2
Sami Faridi (CAN),61.29
MJ Smith (SCOT),22.35
Sunzamul Islam (BDESH),79.16
C Viljoen (NAM),82.6
AG Wharf (ENG),67.85
KOK Williams (WI),70.37
SG Borthwick (ENG),112.5
DL Chahar (INDIA),81.81
CEH Croft (WI),47.36
HJ Howarth (NZ),69.23
Jamaluddin Ahmed (BDESH),64.28
F Kasteni (ZIM),42.85
AV Lalcheta (OMAN),38.29
JJC Lawson (WI),112.5
Munir Dar (HKG),112.5
Saleem Pervez (PAK),46.15
LR Shukla (INDIA),94.73
Sultan Ahmed (UAE),42.85
Syed Maqsood (UAE),41.86
Tanvir Ahmed (PAK),150.0
K Whatham (CAN),43.9
RGCE Wijesuriya (SL),37.5
Zulqarnain (PAK),60.0
GI Allott (NZ),30.35
SM Curran (ENG),58.62
IS Gallage (SL),62.96
RD Gudhka (KENYA),121.42
MJ Hoggard (ENG),56.66
Ilyas Gull (HKG),28.81
Intikhab Alam (PAK),37.77
IT Iqbal (KENYA),32.69
RSA Jayasekera (SL),40.47
KCB Jeremy (WI),40.47
RJ Kennedy (NZ),113.33
CBRLS Kumara (SL),37.77
P Lever (ENG),70.83
PHKD Mendis (SL),44.73
Raqibul Hasan (BDESH),26.15
CEW Silverwood (ENG),50.0
S Abrahams (SA),61.53
RW Anderson (NZ),34.78
JH Desai (USA),42.1
AM Guruge (UAE),55.17
N Ifill (CAN),35.55
Jahangir Shah (BDESH),25.8
RL Johnson (ENG),80.0
SB Lama (HKG),33.33
BP Loots (NL),59.25
RAL Massie (AUS),66.66
B Muzarabani (ZIM),17.97
KJ O'Keeffe (AUS),42.1
FN Otieno (KENYA),23.52
ADG Roberts (NZ),66.66
V Shetty (UAE),55.17
Shubman Gill (INDIA),50.0
CB Sole (SCOT),44.44
S Somasunder (INDIA),25.39
J Theron (SA/USA),53.33
BTJ Wheal (SCOT),51.61
PJW Allott (ENG),60.0
KN Amalean (SL),57.69
RR Beaton (WI),29.41
HF Gurney (ENG),45.45
JR Hammond (AUS),53.57
RS Higgins (ZIM),23.8
DAW Hollis (BMUDA),57.69
Irfan Fazil (PAK),93.75
GE Kidd (IRE),60.0
BW Luckhurst (ENG),21.73
Mansoor Rana (PAK),62.5
Mohammad Zahid (PAK),68.18
J Mulder (IRE),136.36
EMDY Munaweera (SL),51.72
Nurul Abedin (BDESH),27.27
HD Rutherford (NZ),26.78
Sajjad Ahmed (BDESH),32.6
DM Smith (ENG),37.5
LW Stokkers (NL),37.5
Tariq Javed (CAN),19.48
PCR Tufnell (ENG),48.38
PS Vaidya (INDIA),125.0
A van der Merwe (IRE),60.0
AP Wells (ENG),150.0
Zafar Gohar (PAK),100.0
Ahsan Malik (NL),51.85
Asghar Ali (UAE),26.41
Asif Mahmood (PAK),41.17
IPP Batuwitarachchi (UAE),29.16
AR Butcher (ENG),53.84
G Chapple (ENG),200.0
LA Dawson (ENG),82.35
HS Dhillon (CAN),40.0
EA Essop-Adam (ZIM),93.33
SKW Kelly (BMUDA),45.16
LD Madushanka (SL),53.84
AA Mallett (AUS),38.88
Mohammad Akram (PAK),41.17
Nadeem Ghauri (PAK),56.0
R Ngarava (ZIM),46.66
IA Nicolson (ZIM),63.63
D Soraine (CAN),70.0
GE Vivian (NZ),46.66
LJ Woodcock (NZ),63.63
Zahid Razzak (BDESH),31.81
Aamer Nazir (PAK),65.0
Aamir Kaleem (OMAN),81.25
JC Archer (ENG),59.09
Asad Ali (PAK),81.25
LS Baker (WI),56.52
MD Bates (NZ),130.0
GA Bishop (AUS),29.54
GK Bose (INDIA),72.22
NG Cowans (ENG),44.82
HT Davis (NZ),39.39
RR Emrit (WI),37.14
Gurkeerat Singh (INDIA),100.0
RL Hayes (NZ),52.0
RO Hurley (WI),40.62
D Joseph (CAN),54.16
JJ Krejza (AUS),56.52
AMN Munasinghe (SL),25.0
B Regmi (NEPAL),27.65
S Seeraj (CAN),108.33
O Thomas (WI),24.52
Usman Salahuddin (PAK),46.42
HN Ya France (NAM),260.0
Zaheer Maqsood (UAE),28.26
Asim Saeed (UAE),63.15
DM Basden (BMUDA),30.76
GK Bruk-Jackson (ZIM),36.36
Danish Kaneria (PAK),54.54
IC Davis (AUS),34.28
RP de Groen (NZ),33.33
AM de Silva (SL),50.0
R Dhawan (INDIA),92.3
Enamul Haque jnr (BDESH),63.15
M Hayward (SA),42.85
Imtiaz Abbasi (UAE),31.57
Javed Qadeer (PAK),52.17
TJ Jenner (AUS),48.0
AJ McKay (NZ),25.53
PS Mehta (EAf),29.26
PJK Mooney (IRE),133.33
T Muzarabani (ZIM),30.0
Naeemuddin Aslam (UAE),38.7
TS Nethula (NZ),109.09
Noor-ul-Haq (AFG),20.68
EJ Richardson (IRE),66.66
P Sarraf (NEPAL),66.66
S Snater (NL),85.71
Abul Hasan (BDESH),68.75
Ahmed Kamal (BDESH),57.89
MJD Allingham (SCOT),11.45
Arshad Pervez (PAK),23.4
J Blackwood (WI),47.82
LJ Burger (NAM),17.74
SF Burger (NAM),55.0
PH Carlson (AUS),36.66
BS Chandrasekhar (INDIA),84.61
PA Emery (AUS),84.61
Haafiz Shahid (PAK),47.82
GW Humpage (ENG),45.83
Jasdeep Singh (USA),28.2
NGRP Jayasuriya (SL),84.61
SMS Kaluperuma (SL),26.82
SC Kuggeleijn (NZ),183.33
NM Kulkarni (INDIA),55.0
JA Maclean (AUS),33.33
PM Pushpakumara (SL),42.3
B Reddy (INDIA),55.0
Saad Ali (PAK),47.82
G Sharma (INDIA),45.83
R Sharma (HKG),45.83
FJ Titmus (ENG),34.37
GD Watson (AUS),68.75
JG Williamson (SCOT),31.42
Zahid Shah (UAE),55.0
TR Ambrose (ENG),29.41
MA Aponso (SL),22.22
Asif Masood (PAK),58.82
HK Bennett (NZ),28.57
D Brown (WI),50.0
ML Cummins (WI),37.03
DLS de Silva (SL),28.57
JJ Esmeijer (NL),23.25
B Geeves (AUS),90.9
W Jaffer (INDIA),43.47
Kabir Khan (PAK),40.0
AV Kale (INDIA),45.45
NJ MacRae (SCOT),27.77
CA Marshall (CAN),24.39
A Martin (WI),34.48
BMW Patterson (SCOT),23.25
Shabbir Ahmed (PAK),34.48
Shariful Haque (BDESH),166.66
RAJ Smith (SCOT),166.66
TE Srinivasan (INDIA),28.57
MP Stead (CAN),22.22
GC Tonge (WI),62.5
MDJ Walker (NZ),166.66
WA Wisneski (NZ),58.82
AK Zesers (AUS),71.42
KK Ahmed (INDIA),52.94
MJ Bennett (AUS),42.85
SM Boland (AUS),40.9
CE Bulfin (NZ),112.5
SJ Cameron (SCOT),69.23
SJ Chalmers (SCOT),64.28
NA David (INDIA),90.0
GN de Silva (SL),50.0
GRA de Silva (SL),27.27
DR Doshi (INDIA),45.0
CJ Drum (NZ),40.9
S Dube (INDIA),150.0
Fahad Usman (UAE),50.0
Faisal Athar (PAK),23.68
SP Gauchan (NEPAL),20.45
MJ Haslam (NZ),50.0
AG Huckle (ZIM),56.25
HR Johnson (USA),45.0
Karim Janat (AFG),27.27
JB Little (IRE),112.5
DE Malcolm (ENG),81.81
Mohammad Salim (BDESH),37.5
PG Nana (EAf),20.0
Naveen-ul-Haq (AFG),42.85
Qadeer Ahmed (UAE),29.03
LS Rajput (INDIA),29.03
Rashid Zia (USA),15.78
JA Snow (ENG),21.95
OP Stone (ENG),128.57
GP Sulzberger (NZ),60.0
AJ Tudor (ENG),81.81
VB van Jaarsveld (SA),60.0
Zahid Hussain (CAN),29.03
VR Aaron (INDIA),53.33
Asif Iqbal (1) (UAE),100.0
RA Austin (WI),61.53
BS Browne (WI),33.33
CJ Dala (SA),133.33
H Davids (SA),33.33
PA Desai (CAN),14.54
R Dhanraj (WI),25.0
P Dharmani (INDIA),100.0
TL Fernando (SL),133.33
JC Gamage (SL),88.88
Gholam Nousher (BDESH),50.0
Hafizur Rahman (BDESH),33.33
ND Hirwani (INDIA),27.58
KH Butt (HKG),28.57
ACI Lock (ZIM),40.0
MA Lynch (ENG),25.0
CS Martin (NZ),29.62
EZ Matambanadzo (ZIM),24.24
MG Neser (AUS),50.0
A Nortje (SA),44.44
PDRL Perera (SL),44.44
Rahat Ali (PAK),21.62
SS Raul (INDIA),57.14
CA Reid (USA),47.05
RL Sanghvi (INDIA),72.72
VRV Singh (INDIA),61.53
Sohail Butt (UAE),57.14
DS Steele (ENG),66.66
DM Vonhagt (SL),47.05
HS Williams (SA),72.72
NP Kenjige (USA),233.33
RW Ali (KENYA),25.0
J Cameron-Dow (IRE),70.0
KG Duers (ZIM),35.0
Fazl-e-Akbar (PAK),87.5
WCA Ganegama (SL),77.77
DM Gondaria (KENYA),15.55
JOA Gordon (CAN),25.0
VR Hogg (ZIM),36.84
AG Hurst (AUS),36.84
Izatullah Dawlatzai (AFG),25.92
SD Jack (SA),87.5
Jahangir Alam Talukdar (BDESH),43.75
MKGCP Lakshitha (SL),58.33
Liaqat Ali (PAK),22.58
DSK Madushanka (SL),116.66
GA Manou (AUS),116.66
PL Mhambrey (INDIA),140.0
EA Moseley (WI),46.66
JK Moss (AUS),43.75
Nazmul Islam (BDESH),53.84
M Pushpakumara (SL),36.84
RA Reifer (WI),58.33
IDK Salisbury (ENG),58.33
BM Scholtz (NAM),33.33
K Shuttleworth (ENG),36.84
EHSN Silva (UAE),53.84
NA Statham (NL),14.0
RJW Topley (ENG),17.5
RF van Oosterom (NL),25.92
SG Whittingham (SCOT),41.17
T Yohannan (INDIA),63.63
MKDI Amerasinghe (SL),66.66
Bhupinder Singh snr (INDIA),46.15
IW Callen (AUS),46.15
GD Campbell (AUS),31.57
U Chatterjee (INDIA),20.0
MT Chinouya (ZIM),75.0
DDP D'Silva (UAE),42.85
WP Diepeveen (NL),85.71
SO Dowrich (WI),75.0
CE Eksteen (SA),24.0
Fahim Muntasir (BDESH),35.29
AP Grayson (ENG),46.15
Harilal Shah (EAf),10.71
Harvinder Singh (INDIA),31.57
M Hendrick (ENG),27.27
CC Henry (CAN),42.85
P Krishnamurthy (INDIA),46.15
MJ North (AUS),31.57
LN Oluoch (KENYA),100.0
AK Patel (INDIA),54.54
DB Rundle (SA),54.54
R Shepherd (WI),66.66
Usman Shinwari (PAK),85.71
RJ Webb (NZ),60.0
DJ Worrall (AUS),150.0
Aijaz Ali (USA),45.45
RT Crandon (WI),55.55
N Fernandes (UAE),38.46
R Illingworth (ENG),27.77
Jalal-ud-Din (PAK),100.0
Jubair Hossain (BDESH),55.55
Khalid Khan (HKG),62.5
H McLeod (EAf),50.0
Mansoor Amjad (PAK),50.0
Maqsood Rana (PAK),38.46
Najeeb Tarakai (AFG),27.77
Naumanullah (PAK),125.0
Neeyamur Rashid (BDESH),100.0
DJ Pringle (EAf),33.33
LN Rajbanshi (NEPAL),25.0
D Ramnarine (WI),38.46
Sajjad Akbar (PAK),55.55
L Sivaramakrishnan (INDIA),20.83
G Snyman (NAM),55.55
Talha Jubair (BDESH),33.33
Tanbir Hayder (BDESH),31.25
DJ Terbrugge (SA),35.71
RK Whelan (IRE),41.66
Al-Amin Hossain (BDESH),20.0
LS Bhandari (NEPAL),44.44
MI Black (WI),28.57
PS Eaglestone (IRE),133.33
Fawad Ahmed (AUS),200.0
PJ Franks (ENG),23.52
PLS Gamage (SL),14.81
D Ganesh (INDIA),50.0
WT Gavera (PNG),66.66
Z Groenewald (NAM),21.05
Gursharan Singh (INDIA),40.0
SD Heazlett (AUS),36.36
Jahangir Alam (BDESH),18.18
ML Lewis (AUS),100.0
CH Lonsdale (BMUDA),14.28
Mohammad Nazir (PAK),25.0
GK Pandey (INDIA),36.36
PI Pocock (ENG),44.44
LN Roche (ZIM),40.0
AM Salvi (INDIA),28.57
Samiur Rahman (BDESH),57.14
BB Seebaran (CAN),30.76
Shahzad Khan (CAN),33.33
B Stanlake (AUS),14.28
RW Staple (USA),36.36
PJR Steyn (SA),28.57
R Sudhakar Rao (INDIA),28.57
S Sumar (EAf),36.36
Tanveer Ahmed (HKG),36.36
VAB Tewarie (NL),18.18
GS Trimble (AUS),80.0
T van der Gugten (NL),66.66
S Vesawkar (NEPAL),26.66
SL Watkin (ENG),17.39
UWMBCA Welegedara (SL),44.44
RPAH Wickramaratne (SL),66.66
P Wilson (AUS),30.76
M Zondeki (Afr/SA),80.0
SA Abbott (AUS),42.85
Abdullah Mazari (AFG),18.75
Ali Khan (USA),27.27
CR Amini (PNG),100.0
RA Bhatti (CAN),75.0
JWHD Boteju (SL),27.27
NR Dyer (SCOT),21.42
D Gamage (SL),30.0
LJ Hamilton (NZ),50.0
RT Hart (NZ),10.34
PD Heyn (SL),15.0
Ijaz Ahmed jnr (PAK),150.0
Junaid Siddique (UAE),30.0
CK Kruger (HKG),15.0
Mahbubur Rahman (BDESH),37.5
Mazharul Haque (BDESH),16.66
MC Mendis (SL),150.0
CT Mumba (ZIM),42.85
DJ Murray (NZ),17.64
SV Nayak (INDIA),15.78
IE O'Brien (NZ),27.27
Pankaj Singh (INDIA),100.0
JM Patel (CAN),13.04
MJ Petrie (SCOT),16.66
GD Porter (AUS),33.33
U Ranchod (ZIM),50.0
RE Redmond (NZ),27.27
Sagar Pun (NEPAL),15.0
A Shamshudeen (CAN),10.71
CEL Stuart (WI),23.07
Usman Mushtaq (UAE),42.85
JN Valentine (CAN),17.64
CJPG van Zyl (SA),27.27
Yamin Ahmadzai (AFG),15.78
Zahid Ahmed (PAK),23.07
MZ Zahir (CAN),23.07
Zakiullah Zaki (AFG),13.63
JP Agnew (ENG),66.66
Ahmed Shah (AFG),20.0
Anisur Rahman (BDESH),18.18
HWR Cartwright (AUS),8.69
DJ Cullen (AUS),66.66
BR Dorey (AUS),25.0
WJ Edwards (AUS),14.28
Elias Sunny (BDESH),18.18
Fahad Nawaz (UAE),20.0
PG Gillespie (IRE),14.28
AAW Gunawardena (SL),20.0
R Hekure (PNG),25.0
BE Hendricks (SA),25.0
KC Hodsoll (BMUDA),28.57
Hussain Talat (PAK),14.28
Ibrahim Zadran (AFG),22.22
Irfan Sajid (UAE),40.0
Junaid Zia (PAK),28.57
K Kamyuka (CAN),100.00
Kashif Raza (PAK),100.00
RJ Kirtley (ENG),18.18
Masood Iqbal (PAK),100.00
SC Meaker (ENG),12.50
DWO Morgan (BMUDA),18.18
Morshed Ali Khan (BDESH),50.00
SP Mukherjee (INDIA),100.00
Nadeem Khan (PAK),66.66
Nasir Javed (USA),10.52
DR O'Sullivan (NZ),40.00
R Pathan (CAN),22.22
MR Pydanna (WI),66.66
ACL Richards (WI),100.00
Sameer Zia (UAE),10.00
JNK Shannon (IRE),25.00
GJ Thompson (IRE),9.52
PIC Thompson (WI),28.57
MS Tshabalala (SA),66.66
AP Weerakkody (SL),50.00
MD Wettimuny (SL),18.18
DF Whatmore (AUS),33.33
AGD Wickremasinghe (SL),20.00
Abdul Rehman (UAE),7.69
Abu Hider (BDESH),9.09
Alawi Shukri (UAE),33.33
Aminul Islam jnr (BDESH),-
PJ Bakker (NL),25.00
KMC Bandara (SL),33.33
Bilal Khan (OMAN),14.28
GA Cope (ENG),100.00
MC Cowdrey (ENG),20.00
CI Dunusinghe (SL),100.00
MTG Elliott (AUS),16.66
Fareed Ahmad (AFG),16.66
RS Ghai (INDIA),33.33
Gurdeep Singh (KENYA),4.34
Iqbal Sikander (PAK),33.33
SA Jayasinghe (SL),33.33
SP Jones (ENG),50.00
S Kaul (INDIA),33.33
B Laughlin (AUS),11.11
SCG MacGill (AUS),33.33
Mahmood Hamid (PAK),16.66
GJ McCarter (IRE),100.00
JM Mennie (AUS),25.00
Mohammad Kashif (NL),5.88
Moniruzzaman (BDESH),5.00
PV Mpitsang (SA),100.00
M Mulla (CAN),9.09
W Mwayenga (ZIM),9.09
DP Nannes (AUS),50.00
Nasim-ul-Ghani (PAK),12.50
NV Ojha (INDIA),14.28
G Onions (ENG),50.00
KA Patel (KENYA),25.00
Y Punja (UAE),16.66
RR Ramdass (WI),11.11
SJ Roberts (NZ),50.00
LC Romero (USA),14.28
R Sharma (INDIA),50.00
KJ Silva (SL),100.00
AM Stuart (AUS),14.28
Subashis Roy (BDESH),11.11
JP Taylor (ENG),12.50
LB Taylor (ENG),16.66
JG Thomas (ENG),14.28
S Tyagi (INDIA),50.00
KPJ Warnaweera (SL),9.09
BA Westdijk (NL),16.66
J Yadav (INDIA),100.00
NS Yadav (INDIA),6.25
B Yograj Singh (INDIA),8.33
Yunus Badat (EAf),14.28
Aman Ali (UAE),0.00
J Angel (AUS),0.00
Anwar Hossain Monir (BDESH),0.00
S Baksh (CAN),0.00
MRCN Bandaratilleke (SL),0.00
JE Benjamin (ENG),0.00
A Bhandari (INDIA),-
DL Blake (USA),0.00
BP Bracewell (NZ),0.00
RG Callender (CAN),0.00
NM Carter (SCOT),0.00
K Christie (HKG),0.00
Fahad Alhashmi (UAE),0.00
Fazle Mahmud (BDESH),0.00
R Flannigan (SCOT),0.00
LR Gibbs (WI),-
N Gifford (ENG),0.00
VD Grandia (NL),0.00
Hamza Tahir (SCOT),0.00
RG Hart (NZ),0.00
Harunur Rashid (BDESH),0.00
SM Harwood (AUS),0.00
Ishtiaq Muhammad (HKG),-
Kaleemullah (OMAN),0.00
PHT Kaushal (SL),0.00
GJP Kruger (SA),0.00
AGR Loudon (ENG),-
OC McCoy (WI),0.00
AW Mathieson (NZ),-
KP Meiyappan (UAE),0.00
JP Millmow (NZ),0.00
Mohammad Khalil (PAK),-
Mohammad Talha (PAK),0.00
D Mohammed (WI),0.00
Naeem Ahmed (PAK),0.00
Najaf Shah (PAK),0.00
Naseer Malik (PAK),0.00
Nasir Hameed (HKG),0.00
AM Nayar (INDIA),0.00
N Ncube (ZIM),-
A Neill (SCOT),0.00
MB Owens (NZ),0.00
NM Parker (NZ),0.00
NT Pascal (WI),0.00
N Phillip (WI),0.00
AG Puttick (SA),0.00
NV Radford (ENG),0.00
Rafiqul Islam (BDESH),0.00
CAK Rajitha (SL),0.00
DR Ramsammy (CAN),0.00
N Ranatunga (SL),0.00
Raza Hasan (PAK),0.00
Rizwan Latif (UAE),0.00
Robiul Islam (BDESH),0.00
Saqib Zulfiqar (NL),0.00
Shadab Kabir (PAK),0.00
Shakeel Khan (PAK),0.00
T Shamsi (SA),0.00
Simandeep Singh (HKG),0.00
GS Sobers (WI),0.00
Tanvir Mehdi (PAK),0.00
M Venkataramana (INDIA),-
R Walters (NAM),0.00
CM Willoughby (SA),0.00
Zakir Hossain (BDESH),0.00
Aamer Hameed (PAK),-
Abdur Rauf (PAK),-
Abu Jayed (BDESH),-
FS Ahangama (SL),-
GW Aldridge (NZ),-
ZS Ansari (ENG),-
Ariful Haque (BDESH),-
Ashfaq Ahmed (PAK),-
MD Bailey (NZ),-
GR Beard (AUS),-
